Classifier,Accuracy
KNN,0.3333333333333333
Random Forest,0.36363636363636365
SVM,0.3333333333333333
LDA,0.42424242424242425
