Classifier,Accuracy
KNN,0.42424242424242425
Random Forest,0.45454545454545453
SVM,0.3939393939393939
LDA,0.45454545454545453
