Classifier,Accuracy
KNN,0.8181818181818182
Random Forest,0.7272727272727273
SVM,0.8181818181818182
LDA,0.8181818181818182
