Classifier,Accuracy
KNN,0.8620689655172413
Random Forest,0.9137931034482759
SVM,1.0
LDA,0.9137931034482759
