Classifier,Accuracy
KNN,0.896551724137931
Random Forest,0.9310344827586207
SVM,1.0
LDA,0.9655172413793104
