Classifier,Accuracy
KNN,0.8620689655172413
Random Forest,0.9137931034482759
SVM,0.8275862068965517
LDA,0.896551724137931
