Classifier,Accuracy
KNN,0.9117647058823529
Random Forest,0.9705882352941176
SVM,0.8235294117647058
LDA,0.8235294117647058
