Classifier,Accuracy
KNN,0.9310344827586207
Random Forest,0.9827586206896551
SVM,0.8793103448275862
LDA,0.9310344827586207
