Classifier,Accuracy
KNN,0.9310344827586207
Random Forest,0.9310344827586207
SVM,0.9827586206896551
LDA,1.0
