Classifier,Accuracy
KNN,0.5576923076923077
Random Forest,0.7692307692307693
SVM,0.8653846153846154
LDA,0.8461538461538461
